repository_name,date,views,unique_visitors/cloners
jpmorgan-payments/pdp-skills,2026-08-20 05:14:37,423,105
jpmorgan-payments/pdp-skills,2026-08-20 06:09:06,423,105
jpmorgan-payments/pdp-skills,2026-08-21 06:09:11,262,80
jpmorgan-payments/pdp-skills,2026-08-22 06:06:59,326,92
jpmorgan-payments/pdp-skills,2026-08-23 06:07:51,338,102
jpmorgan-payments/pdp-skills,2026-08-24 06:13:05,344,101
jpmorgan-payments/pdp-skills,2026-08-25 06:08:41,343,99
jpmorgan-payments/pdp-skills,2026-08-26 06:09:56,385,108
jpmorgan-payments/pdp-skills,2026-08-27 09:03:53,398,112
jpmorgan-payments/pdp-skills,2026-08-28 09:07:55,415,118
jpmorgan-payments/pdp-skills,2026-08-29 06:11:11,415,118
jpmorgan-payments/pdp-skills,2026-08-30 06:11:34,423,119
jpmorgan-payments/pdp-skills,2026-08-31 06:16:07,423,119
jpmorgan-payments/pdp-skills,2026-09-01 06:13:23,441,117
jpmorgan-payments/pdp-skills,2026-09-02 06:17:02,612,146
jpmorgan-payments/pdp-skills,2026-09-03 06:13:24,700,158
jpmorgan-payments/pdp-skills,2026-09-04 06:12:14,700,158
jpmorgan-payments/pdp-skills,2026-09-05 06:10:52,687,152
jpmorgan-payments/pdp-skills,2026-09-06 06:11:02,687,152
jpmorgan-payments/pdp-skills,2026-09-07 06:16:08,689,155
jpmorgan-payments/pdp-skills,2026-09-08 06:13:06,678,156
jpmorgan-payments/pdp-skills,2026-09-09 06:12:47,678,156
jpmorgan-payments/pdp-skills,2026-09-10 06:13:01,690,156
jpmorgan-payments/pdp-skills,2026-09-11 06:12:04,720,153
jpmorgan-payments/pdp-skills,2026-09-12 06:10:50,761,155
jpmorgan-payments/pdp-skills,2026-09-13 06:15:01,761,156
jpmorgan-payments/pdp-skills,2026-09-14 06:16:29,761,156
jpmorgan-payments/pdp-skills,2026-09-15 06:12:47,749,156
jpmorgan-payments/pdp-skills,2026-09-16 06:12:58,760,162
jpmorgan-payments/ai,2026-09-17 06:13:01,705,144
jpmorgan-payments/ai,2026-09-18 06:12:12,804,145
jpmorgan-payments/ai,2026-09-19 06:11:25,804,145
jpmorgan-payments/ai,2026-09-20 06:11:18,881,145
jpmorgan-payments/ai,2026-09-21 06:16:47,881,145
jpmorgan-payments/ai,2026-09-22 06:12:41,1013,151
jpmorgan-payments/ai,2026-09-23 06:12:36,1013,151
jpmorgan-payments/ai,2026-09-24 06:13:02,1115,167
jpmorgan-payments/ai,2026-09-25 06:13:03,1115,167
